title,website
Badda General Hospital Pvt. Ltd.,
AMZ Hospital Ltd.,http://www.amzhospitalbd.com/
Bumrungrad International Hospital Dhaka Bangladesh Office // Support Center in Banani,https://discoverinternationalmedicalservice.com/dhaka-offices
Central Hospital Limited,http://www.centralhospitalltdbd.com/
BIRDEM General Hospital,https://birdembd.org/
Al-Sunnah General Hospital Limited,http://www.alsunnahospital.com/
Bumrungrad Hospital Dhaka Bangladesh - Banani Branch,https://discoverims.com/
Government Employee Hospital,http://www.skh.gov.bd/
MOHAKHALI GENERAL HOSPITAL,http://skgolammostofa.com/
The Barakah General Hospital Limited,http://www.barakahospital.com/
Dr. Sirajul Islam Medical College & Hospital Ltd.,https://www.drsimc.com/
Crescent Gastroliver & General Hospital,http://crescentgastroliver.com/
Abeer General Hospital,
ZAINUL HAQUE SIKDER WOMEN'S MEDICAL COLLEGE & HOSPITAL (PVT.) LTD.,http://www.sikderhospital.net/
H.A.F General Hospital,
Dogma Hospital Ltd.,
Shahabuddin Medical College Hospital,http://www.shahabuddinmedical.org/
Gulshan shasthoseba kendra,
People's Care Hospital & Diagnostic Center,
The S.M.G. Kibria Foundation ‚îÇBest Hospital & Non-Profit Clinic In Bangladesh,https://smgkibriafoundation.org/
Ibn Sina Diagnostic & Consultation Center (Badda),http://www.ibnsinatrust.com/
BANGLADESH DIABETIC SHOMITY (Gulshan Healthcare Centre),https://www.nhn-dab.org.bd/
ASSURANCE MDT,
Badda General Hospital,
Malancha Medical Services Ltd.,http://malanchamedical.com/
Praram 9 Hospital Referral Office Bangladesh.,
Rahman Medicine House,
(Proposed Location) Green Life College Hospital,
Tulip Medical Center,
Doctors Information,https://www.facebook.com/share/1BmbT7NTRX/
Shastha Sheba Kendra  Badda,https://www.facebook.com/pages/%E0%A6%B8%E0%A7%8D%E0%A6%AC%E0%A6%BE%E0%A6%B8%E0%A7%8D%E0%A6%A5%E0%A7%8D%E0%A6%AF-%E0%A6%B8%E0%A7%87%E0%A6%AC%E0%A6%BE-%E0%A6%95%E0%A7%87%E0%A6%A8%E0%A7%8D%E0%A6%A6%E0%A7%8D%E0%A6%B0-%E0%A6%AC%E0%A6%BE%E0%A6%A1%E0%A7%8D%E0%A6%A1%E0%A6%BE/983129448411127?fref=ts&_rdr
MHL AZ Gulshan Shahjadpur,
Sahara Medical Center,http://saharamedicalbd.com/
Bangla Health Connect,https://banglahealthconnect.com/
Gulshan Clinic Limited.,https://gulshanclinicbd.org/
Badda General Hospital,
DevRam nursing home care service limited,
People's Eye Hospital ‡¶™‡¶ø‡¶™‡¶≤‡¶∏ ‡¶ö‡¶ï‡ßç‡¶∑‡ßÅ ‡¶π‡¶æ‡¶∏‡¶™‡¶æ‡¶§‡¶æ‡¶≤,
SRS Clinic,
‡¶â‡¶§‡ßç‡¶§‡¶∞ ‡¶¨‡¶æ‡¶°‡ßç‡¶°‡¶æ ‡¶∏‡ßç‡¶¨‡¶æ‡¶ß‡ßÄ‡¶®‡¶§‡¶æ ‡¶∏‡ßç‡¶Æ‡¶∞‡¶£‡ßÄ ‡¶è‡¶è‡¶Æ‡¶ú‡ßá‡¶° ‡¶π‡¶∏‡¶™‡¶ø‡¶ü‡¶æ‡¶≤,
AMZ Hospital Emergency,
Dhaka Islamia Eye Hospital  Badda ‡¶¢‡¶æ‡¶ï‡¶æ ‡¶á‡¶∏‡¶≤‡¶æ‡¶Æ‡¶ø‡¶Ø‡¶º‡¶æ ‡¶ö‡¶ï‡ßç‡¶∑‡ßÅ ‡¶π‡¶æ‡¶∏‡¶™‡¶æ‡¶§‡¶æ‡¶≤  ‡¶¨‡¶æ‡¶°‡ßç‡¶°‡¶æ,
Urban Health Center,
Popular Diagnostic Centre  Badda Branch,http://www.populardiagnostic.com/
A Emdad Hospital,
BRAC Primary Health CENTER (PHC) BADDA  DHAKA,http://brac.net/
Cafe Shahi Darbar,
Coffee And,
Tea Lover's Cafe,
Crema Cafe,
Road View Cafe Roasters,
Marina Cafe & Restaurant  Gulshan Lake View,
Caffe Ricotta,
The Coffee Bean & Tea Leaf,
2BROS CAFE,
Treehouse Cafe,https://www.facebook.com/TreehouseCafeBD/
NORTH END coffee roasters Shahabuddin Ahmed Park,http://www.northendcoffee.com/
KONA Cafe,
The Coffee Lounge Bangladesh,http://www.thecoffeeloungebd.com/
Biancaff√© Gulshan,https://biancaffe-bd.com/
Amz Cafe,
C House Caf√©,
NORTH END coffee roasters Concord Baksh Tower,http://www.northendcoffee.com/
AMZ OPD Consultation,
‡¶®‡¶ø‡¶â ‡¶™‡¶™‡ßÅ‡¶≤‡¶æ‡¶∞ ‡¶Æ‡ßá‡¶°‡¶ø‡¶ï‡ßá‡¶≤ ‡¶∏‡¶æ‡¶∞‡ßç‡¶≠‡¶ø‡¶∏‡ßá‡¶∏,
Sunnah Prescription Point,
Dr. Mustafizur Rahman,
Thyrocare Bangladesh Limited,http://www.thyrocarebd.com/
The Concept Home Health Care agency,
Cotton Group,http://www.cottongroup.com.bd/
AMZ Hospital Cafeteria,
Tuhin Mina Assistant Manager Dogma Hospital Ltd.,
Eye Bank  305 & 306 no word Dhaka Medical College Hospital,
Moon Check-up OPC,
AMZ Hospital Diagonostic Department,
‡¶Æ‡ßá‡¶°‡¶ø ‡¶ï‡ßã‡ßü‡ßá‡¶∏‡ßç‡¶ü ‡¶°‡¶æ‡ßü‡¶æ‡¶ó‡¶®‡¶∏‡ßç‡¶ü‡¶ø‡¶ï ‡¶∏‡ßá‡¶®‡ßç‡¶ü‡¶æ‡¶∞,
Biswas Veterinary Clinic,https://www.facebook.com/Biswas-Veterinary-Clinic-100428875394141/
Health Care Center,
PCOS Centre Bangladesh,
Shaker Homoeo complex,
Ash Shifa Homoeo Complex,https://www.facebook.com/ashshifa.badda?mibextid=ZbWKwL
Uttar Badda,
Healthcare Information System Ltd.,http://hislbd.com/
‡¶´‡¶ø‡¶ú‡¶ø‡¶ì ‡¶π‡¶æ‡¶â‡¶ú physio house,
Mediquest Diagnostics,https://mediquestdiagnosticsltd.com/
Serenity,
Kumudini Welfare Trust Office,
Shotota Furniture Mart,https://shototafurnituremart.com/
Hanif mobile hospital ‡¶π‡¶æ‡¶®‡¶ø‡¶´ ‡¶Æ‡ßã‡¶¨‡¶æ‡¶á‡¶≤ ‡¶π‡¶∏‡¶™‡¶ø‡¶ü‡¶æ‡¶≤,
Unique Mobail Hospital,
PAL Nur Nibash,
Ma Biriyani House,
Takwaya Twin Tower,
Taher genarer Store,
Mobile and Computer hospital,
Modern Dental Center-MDC,http://moderndentalcentermdc.com/
Bhuiyan Pharmacy,
Jamalpur tower,
Emon Pet Gallery,
Barber Boss ( Men's Salon & Spa),
Happiness Cafe,https://www.happiness.cafe/
Bee‚Äôs Kitchen,
‡¶á‡¶ï‡¶¨‡¶æ‡¶≤ ‡¶ö‡¶æ ‡¶∏‡ßç‡¶ü‡¶≤,
Kashmira Cafe & Restaurant,https://www.kashmiracr.com/
Moveon Coffee Gulshan,
BISMILLAH JUICE CORNER,
XYZ Coffe Shop,
‡¶ü‡¶ø ‡¶ï‡ßç‡¶Ø‡¶æ‡¶´‡ßá,
Gen-Z Tea & Coffe Bar,
Dhaka. Badda,
Pirojpur telecom and Tea store,
‡¶ö‡¶æ ‡¶è‡¶®‡ßç‡¶° ‡¶ö‡¶ø‡¶≤  ‡¶∂‡¶æ‡¶π‡¶ú‡¶æ‡¶¶‡¶™‡ßÅ‡¶∞,
WOLD TOWN COFFEE HOUSE,
GEN Z IRANI CHAI,https://www.facebook.com/profile.php?id=61570058040025&mibextid=ZbWKwL
‡¶¶‡ßç‡¶Ø‡¶ø ‡¶Ü‡¶™‡¶æ‡¶∞ ‡¶¶‡ßã‡¶ï‡¶æ‡¶®,
Raisul's Residence,
Apartment,
Pirojpur telecom & Tea store,
‡¶ñ‡ßã‡¶∞‡¶∂‡ßá‡¶¶ ‡¶≠‡¶æ‡¶á‡ßü‡ßá‡¶∞ ‡¶ö‡¶æ‡ßü‡ßá‡¶∞ ‡¶¶‡ßã‡¶ï‡¶æ‡¶®,
‡¶∏‡¶æ‡¶¨‡ßç‡¶¨‡¶ø‡¶∞‡ßá‡¶∞ ‡¶∂‡ßç‡¶¨‡¶∂‡ßÅ‡¶∞‡ßá‡¶∞ ‡¶ö‡¶æ‡ßü‡ßá‡¶∞ ‡¶¶‡ßã‡¶ï‡¶æ‡¶®,
‡¶≤‡¶ø‡¶ü‡¶® ‡¶ö‡¶æ‡ßü‡ßá‡¶∞ ‡¶¶‡ßã‡¶ï‡¶æ‡¶®,
Jasim tea Store,
Crave Tea,
Abc,
‚ÄåSohel Tea Stall,
Ideal for short and long time stay  it can be used as a hub for a profetional,
IT Care,http://dev-techbhai.pantheonsite.io/
STATA IT LIMITED,http://www.stataglobal.com/
SIIT Softbit Institute of IT,
One Point IT Solution,
Bit Byte IT  Gulshan,https://www.bitbyteit.com/
Work IT BD,http://workitbd.com/
Taqitizar IT,
It Services Bangladesh Ltd.,
Equal IT,
Imran IT Service,
iT Bazaar,
Suffix IT,https://www.suffixit.com/
Sigma IT Institute,https://sigma.co.bd/
AL FATAH IT,
Wave-Brand IT Services,
IT City BD,https://itcity.com.bd/
Southeast Bank Limited,
Jamuna Bank Limited | Gulshan Link road Branch,
Premier Bank Limited,
Bangladesh Krishi Bank,http://www.krishibank.org.bd/
Premier Bank Limited,
South East Bank ATM Booth,
NCC Bank Limited,http://www.nccbank.com.bd/
ONE Bank Limited,https://www.onebank.com.bd/
Mutual Trust Bank Limited,
City Bank - Progati Sarani Branch,https://www.thecitybank.com/home
Al-Arafah Islami Bank Limited,
Baridhara Branch  Pubali Bank PLC. ,http://www.pubalibangla.com/
Dhaka Bank  Pragati Sarani Branch,
IFIC Bank Limited,http://www.ificbank.com.bd/
FIRST SECURITY ISLAMI BANK LTD.,
Janata Bank Limited,
Social Islami Bank Limited,http://www.siblbd.com/home
Pubali Bank Limited,http://www.pubalibangla.com/
Al Madina Super Shop,
Daily Shopping - Gulshan Lake Drive,https://www.othoba.com/daily-shopping
OCTAVE Guitar Shop BD,https://www.guitaroctave.com/
AtoZ Shop,
A-1 Super Shop,https://cashbackbd.blogspot.com/2021/01/window.html
Nishi & Nazmin Mini Super Shop,https://www.facebook.com/NandN.co/
shopbuzz,
Jabale Noor Shop,http://www.jabalenoorshop.com/
Hill Shop (‡¶™‡¶æ‡¶π‡¶æ‡ßú‡¶ø ‡¶ï‡ßÉ‡¶∑‡¶ø ‡¶¶‡ßç‡¶∞‡¶¨‡ßç‡¶Ø‡¶æ‡¶¶‡¶ø‡¶∞ ‡¶¶‡ßã‡¶ï‡¶æ‡¶®),
Gomoti Pharmacy And Super Shop,
Bismillah Coffee & Tea Shop,http://www.sfbdonline.net/
Cut Price Shop ( Baby Foods),https://cutpricebd.com/
Malay Shop-Badda,
Big Bazar Shop,
ASR Shop,
Dina's Pastry Shop,
Light Shop BD,
Prime Bank Gulshan Branch,https://www.primebank.com.bd/
Dutch-Bangla Bank Limited Fast Track,
The Premier Bank Ltd,
Union Bank International Division,http://www.unionbank.com.bd/
Bengal Commercial Bank PLC,https://www.bgcb.com.bd/
Meghna bank Cards Division,http://www.meghnabank.com.bd/
BRAC Bank Limited | ATM Booth,http://www.bracbank.com/
Bismillah Family Shop,
Gazi Shop,
Nikhad Shop,https://www.facebook.com/nikhadshop
The Snazzy Collection,
Jibon super shop,
First Lady Shop Online,
iT Zone,
Easy Internet Technology (Easy IT),
Foreign-IT,https://foreignitagency.com/
Blue Band it,http://www.bluebandit.webs.com/
Implode IT Solution,
GENTECH IT BANGLADESH,
EWAAD IT Solutions,https://ewaad.com/
BRAC Bank Limited | ATM Booth,http://www.bracbank.com/
Sonali Bank Limited,
Agrani Bank PLC,https://www.agranibank.org/index.php
EXIM Bank Ltd  Shatarkul Branch,http://www.eximbankbd.com/
Shahjalal Islami Bank Ltd. Pragati Sarani Branch,https://www.sjiblbd.com/
BRAC Bank Ltd  Badda Branch,http://www.bracbank.com/
Social Islami Bank Limited,http://www.siblbd.com/
Dutch-Bangla Bank Limited (DBBL),
Eastern Bank Limited (EBL),http://www.ebl.com.bd/
Dutch Bangla Agent Bank,
Gulshan-2 Branch  Padma Bank Limited,
Eastern Bank Limited (EBL),http://www.ebl.com.bd/
IFIC BANK LIMITED,
Rosa cosmetics shop Gulshan 1,http://rosa.com.bd/
SATTER SHOP,
MAS SHOP BD LTD.,
Live cake & pastry shop,
Shwapno Super Shop (‡¶∏‡ßç‡¶¨‡¶™‡ßç‡¶®),
Zariya Online Shop,
Inifinix Brand Shop Badda Link Road,
Unique Shop and Computer,
New Gift Shop,https://cashbackbd.blogspot.com/2021/01/window.html
AMAZONE BOOK SHOP,
Inifinix Brand Shop,
Amber IT Badda Office,
MiZan Basic IT,https://www.mizanbasicit.com/
IT Bondhu Limited,https://itbondhu.com/
Popular IT company Freelancing Tips,
Sarah IT,
Flexible IT,
TuneUp IT,http://www.tuneupit.com/
Bigbox IT,
Well IT & Consultancy Ltd,https://www.wellit.info/
INNOVIOR IT,http://www.facebook.com/innoviorit/
Greenway I.T. Solutions,https://greenwayserver.com/
Swadesh IT,http://swadeshitbd.com/
It solution bd,
IT Manob Inc.,
IT Village,
A-1 Super Shop,
Mother's Smile Shop,
Aklima.Shop,
Gulshan hardware shop 2025,
Vivo Authorized brand shop Link Road BS,https://www.vivo.com/bd
Lifestyle Online Shop,
Zumma Shop,
NiBO online shop,
SR SHOP Online BD,
MilonMela Book Shop,
Friends And Family Shop,
Asif Mobile Shop,
Exclusive Furniture Shop,
Graph It Training Center,
IT Solution Park - Website Design  Photo Editing  Graphics Designing  Digital Marketing  Apps Development,https://itsolutionpark.com/
EKATTOR iT,https://www.ekattorit.com/
Apprise IT,http://www.apprise.website/
TuneUp IT Studio,http://www.tuneupit.com/
Exprocoder-IT,https://www.exprocoder.com/
Green IT,
Flux IT,http://fluxit.tech/
Consort IT,http://consort-it.com/
SkyLab IT Services,
Xproy IT,https://xproyit.com/
Nozzle It Institute,
Fareast IT Solutions Limited,
Microland IT,
Make IT Possible,
IT Software Firm,
Libras IT Services,
Edu Tech IT Solution,
vivo authorised brand shop (Touch One),http://mygalaxy.fdl.com.bd/
Trust Online Shop,
Bismillah Baby Shop,
Vivo Authorised Brand Shop - M CELL BS,
Smart women's shop,
Itel Brand Shop Badda,
Laptop Ache | Used Laptop Shop in Dhaka  Bangladesh ‚Äì Best Deals,https://www.laptopache.com/
Romana online shop,
Bata discount shop | ‡¶¨‡¶æ‡¶ü‡¶æ ‡¶°‡¶ø‡¶∏‡¶ï‡¶æ‡¶â‡¶®‡ßç‡¶ü ‡¶∂‡¶™,
Wheel Solution | Best tyre  battery  and lubricant oil Shop in Uttar Badda,
The Brand Shop,https://cashbackbd.blogspot.com/2021/01/window.html
Sifat Tire and Battery Shop,
NCP furniture shop,
Asian Sky Shop,
Zakir Tyre & Battery Shop,
G.M Tyre & Battery Shop,
Siddikiya-IT,
Digi IT,
AivTech IT,https://sites.google.com/view/digitalmarketingservice-fiverr/home
Anawara IT,
It Promotion,http://itpromotion.net/
BINARY IT SOLUTION,
Prodigix IT,https://prodigixit.com/
MM IT World,http://www.mmitworld.com/
Dhaka It Solution,http://dhakaitsolution.com/
Exorior Soft.IT,
Misbah IT Ltd.,
IT businees,
Supreme IT Solutions,http://www.supremeitbd.com/
Germinate IT | Website Design & Digital Marketing Agency,https://www.germinateit.com/
HuNg IT Zone,
Redoy IT Solutions,
Code Fusion IT | IT-Firm for Seamless Solutions  Endless Innovation,https://codefusionit.com/
IT BIZ,https://www.itbiiz.com/
Time Square Food Court,
New Kolapata Restaurant,
Open Kitchen,
Food Gallery Restaurant,https://www.facebook.com/dadasduck?mibextid=ZbWKwL
On Fire,https://www.facebook.com/onfiredhaka
Obosor Restaurant / ‡¶Ö‡¶¨‡¶∏‡¶∞ ‡¶∞‡ßá‡¶Å‡¶∏‡ßç‡¶§‡ßã‡¶∞‡¶æ,
Chilli Chicken & Juice Bar (‡¶ö‡¶ø‡¶≤‡¶ø ‡¶ö‡¶ø‡¶ï‡ßá‡¶® ‡¶è‡¶®‡ßç‡¶° ‡¶ú‡ßÅ‡¶∏ ‡¶¨‡¶æ‡¶∞),
‡¶≠ibe/ Vibe Restaurant,
Soudia hotel and restaurant,
Chilis,
Cafe Azraq,
JUNKET RESTAURANT,
JUNKET RESTAURANT,
Energy Up,
Spicy6,https://m.facebook.com/spicysix/
lucknowi,
Segreto Mohammadpur,
Anurag Restora | Shyamoli,
Grand Prince Thai & Chinese Restaurant,
Nabeez Restaurant & Cafe,
Zone It Solution,
Bangla IT Solutions,https://www.rupayangroup.com/
PizzaBurg Mohammadpur,http://www.pizzaburg.com/
Food Hulk,http://www.facebook.com/foodhukk
Govinda's Sattwik Foods,
Suleman Restaurant & Kabab,https://www.facebook.com/sulemankababdhaka/
Slice & Bite,https://www.facebook.com/slicNbite/
Smile Food Corner,
Al Mahbub Restaurant,
Red'Res Fast Food,
Al-Baik Restaurant & Kabab,
Soseu Home Kitchen,
Grand Prince Thai & Chinese Restaurant,
Kancha Longka Restaurant Shyamoli,
Secret Recipe,https://secretrecipebd.com/
Melting Pot (Mohammadpur),
Soadika Chinese Restaurant & Sultani Kacchi,
Bridge Bite,
‡¶∏‡¶æ‡¶ß‡ßá‡¶∞ ‡¶ö‡ßÅ‡¶≤‡¶æ,https://www.facebook.com/profile.php?id=61580694971752&notif_id=1760603431240182&notif_t=follower_invite_accept&ref=notif
Alif Restaurant,
Meghna Foods & Restaurant,
Best-Ta Food | Best Momo & Dumpling in Dhaka,https://www.facebook.com/Bestta.food/
Mostakim varieties Kabab And soup (est.1982),
Parjatan Rooftop Restaurant,http://rooftop.gov.bd/
New Nahar Hotel And Restaurant,
Kabab Karigor & Restaurant,
Burger Factory,
Vojon Bari Hotel and Restaurant,
Pach Mishali Hotel & Restaurant,
Dhaka XO,
Trishna Hotel & Restaurent,
Bangla kitchen restaurant,
Domesticus Prime,
Pakghor Restaurant,
NIOT Canteen & Restaurant,
The Pleasant Hotel & Restaurant,
Kaca Lanka Restaurant,
Aysha Hotel & Restaurant,
Shyamoli Hotel & Restaurant,
Nobanno,
Siddikia Allahr Dan Mini Hotel & Restaurant,
Ontorongo Hotel And Restaurant,
Kutum Hotel & Restaurant,
Charka,
Al-Karim Sharif Restaurant,
New Popular Hotel & Restaurant,
Muslim Hotel and Restaurant,
Shahi Hotel & Restaurant,
‡¶Æ‡¶æ‡ßü‡ßá‡¶∞ ‡¶¶‡ßã‡ßü‡¶æ ‡¶π‡ßã‡¶ü‡ßá‡¶≤ ‡¶è‡¶®‡ßç‡¶° ‡¶∞‡ßá‡¶∏‡ßç‡¶ü‡ßÅ‡¶∞‡ßá‡¶®‡ßç‡¶ü Mayer Dua Hotel & Restaurant,
Food Lane Restaurant,
Tithidor Coffee Shop and Restaurant,https://www.facebook.com/Tithidorcafe
Cafe Appleians,
Umm Cafe,https://www.facebook.com/ummmoja
Dooars - ‡¶°‡ßÅ‡¶Ø‡¶º‡¶æ‡¶∞‡ßç‡¶∏,
Abdullah Enterprise,
Sip N Sizzle,
SUTONI (‡¶∏‡ßÅ‡¶§‡¶®‡¶ø),https://facebook.com/sutoniart
Friend's Cafe,
Cafe 21,
Cafe 1207,
Real Coffee Cafe,
Miss Cafe,https://www.facebook.com/misscafe22?mibextid=JRoKGi
Society Cafe,
Tangail Cafe,
MK Coffee House,
Rijik tea and cafe,
TOMS Cafe,
DCPT CAFE,
One Bite Cafe,https://www.facebook.com/OneBiteCafe
BSH Cafeteria,http://www.bdspecializedhospital.com/
Alliance hospital limited,https://alliancehospitalbd.com/
Dhaka Central International Medical College & Hospital (DCIMCH),http://dcimch.com/
BDM Hospital,
Dhaka Health Care Hospital,
250 Bedded TB Hospital  Shyamoli,https://tbhsd.gov.bd/
Bangladesh Spine & Orthopaedic Hospital -BSOH,https://bsoh.com.bd/
Prime Hospital ICU,
AL-MANAR HOSPITAL LTD.,https://almanarhospital.com/
City Hospital & Diagnostic Center,
Nobodoy 9 Tala Hospital,
Millennium Heart & General Hospital Ltd.,
Fatema Maa-o-Shishu General Hospital,
Farabi General Hospital,http://farabigeneralhospital.com/
Quick Ambulance Service,
Criticare Foundation of Bangladesh,
‡¶™‡ßç‡¶Ø‡¶æ‡¶∞‡¶æ‡¶°‡¶æ‡¶á‡¶∏ ‡¶∞‡ßá‡¶∏‡ßç‡¶ü‡ßÅ‡¶∞‡ßá‡¶®‡ßç‡¶ü,
Sotota Hotel & Restaurant,
‡¶ï‡ßç‡¶Ø‡¶æ‡¶´‡ßá ‡¶∞‡ßÅ‡¶ö‡¶ø‡¶∞‡¶æ ‡¶π‡ßã‡¶ü‡ßá‡¶≤ ‡¶è‡¶®‡ßç‡¶° ‡¶∞‡ßá‡¶∏‡ßç‡¶ü‡ßÅ‡¶∞‡ßá‡¶®‡ßç‡¶ü Cafe Rucira Hotel & Restaurant,
Khabar bari Hotel & Restaurant,
Pigeon Restaurant,
Take care Cafe and restaurant,
Hot Ones Restaurant,
Vhai Vhai Hotel & Restaurant,
Hoodlum Point,
Anita Canteen & Restaurant ~ NICVD,
GenZ Restaurant & Cafe,
SWADER BAHAR HOTEL & RESTAURANT,
Bismillah Hotel And Restaurant,
‡¶≤‡ßã‡¶ï‡¶æ‡¶π‡¶æ‡¶∞,
Khidmaah Restaurant,
Apa's,
Shahjalal Shah Poran Hotel and Restaurant,
Dipty Chines Restaurant,
Haji Arsalan biryani,
iktena fast food restaurant,
ALL IT LIMITED ‡¶Ö‡¶≤ ‡¶Ü‡¶á‡¶ü‡¶ø ‡¶≤‡¶ø‡¶Æ‡¶ø‡¶ü‡ßá‡¶°,http://www.allit.com.bd/
Thakurgaon IT,https://thakurgaonit.com/
Optimal IT Limited,http://optimalbd.com/
Innovative IT solution,http://innovativeitsolutionsltd.com/
Smart It,
Ismail it solution,http://www.ismailitsolution.net/
MT IT Solution,http://mtitsolution.com/
IT Park,
Expert IT Solution,
OURS IT,
NGEN IT LTD.,http://www.ngenitltd.com/
Unicode IT,
Ambala IT,http://www.ambalait.com/
Terabit IT Solutions,
Large iT Solution,https://large-it.com/
New Trizons IT,
HUB IT Solutions,
Last Minute IT,
Dhaka CentreNIC IT Limited (DCITL),http://www.dcitltd.com.bd/
Data IT,https://datait.com.bd/
Humayun er Dokan,
Tea Chef,
Cha bella,https://www.facebook.com/Cha-Bella-111447087049164
Tans Cafe,http://www.facebook.com/tanscafe11
Artist juwel,
‡¶π‡ßá‡¶≤‡¶æ‡¶≤ ‡¶ö‡¶æ ‡¶∏‡ßç‡¶ü‡¶≤,
Dhaka ATI Canteen,
Ruchita Restaurant,
Samia Restaurant,
Baburchi Bari Restaurant,
Shaheed Suhrawardy Medical College and Hospital,
Bangladesh Specialized Hospital,http://www.bdspecializedhospital.com/
Ibn Sina Medical College Hospital,https://ismc.ac.bd/
National Institute of Neuro Sciences & Hospital,http://www.nins.gov.bd/
National Institute of Mental Health (NIMH) & Hospital,https://nimh.gov.bd/
National Institute of Traumatology and Orthopaedic Rehabilitation (NITOR),http://www.nitorbd.org/
SP Hospital,http://www.sphospitalbd.com/
National Institute of CardioVascular Diseases (NICVD),https://wa.me/message/YXWAVFPBDDIN1
Probin Hospital,
Prime Hospital,https://primehospital.net/
National Health Care General Hospital,
Remedy Care Hospital Limited,
DSK Hospital,http://www.dskhospital.org/
Royal Multispeciality Hospital | Diagnostic Centre,
CKD & Urology Hospital,http://www.kidneyhospitalckdubd.com/
Basic IT Academy,http://basicitacademy.com/
IT Next Digital,https://itnextdigital.com/
Annanovas IT Ltd.,https://www.annanovas.com/
Soft IT Security,https://softitsecurity.com/
Total IT Solutions,http://totalcablebd.com/
ITD - Your IT Doctor,http://itd.com.bd/
Seopage1 it solution,https://seopage1.net/?utm_source=google&utm_medium=organic&utm_campaign=gmb
Brighty IT,
Rony IT Solution,
A.C.E. IT,
Opedia IT Institute,http://www.opediaitinstitute.com/
American Hospital,
Emergency Department (NITOR),
Crescent Hospital Limited,
CKD & Urology Hospital (ICU & Nephrology Unit),
The ENT and Head Neck Cancer Hospital and Institute,http://www.entbd.org/
Trauma Center & AO Orthopaedic Hospital ~ Shyamoli,http://www.traumacenter.com.bd/
City Care General Hospital & Diagnostic Center  Shyamoli  Dhaka,http://www.citycarebd.com/
Dhaka Sishu Hospital,
BSH Emergency,
Monon Psycriatic Hospital,https://www.mononhospital.org/
Emergency Department,
Sebika General Hospital,
Victoria Heathcare Ltd,http://victoriahealthcarebd.com/
Life Care Psychiatry & de-Addiction Hospital,http://www.lifecarementalhospital.com/
Medi Fair General Hospital,
Mind Cure Mental (Psychiatric) Hospital,
Mokka Madina General Hospital,
Dhaka international hospital,http://www.dhakainternational.bd/
Dhaka Central International Medical College & Hospital (Building 02),https://dcimch.com/
The Cafe Rio Ltd. (Mohammadpur Branch),https://caferio.xyz/
Tea Junction,http://www.teajunction.com/
Beef Wala  Shyamoli Branch,
Cheez & Beanz - Mohammadpur,http://www.facebook.com/mycheezandbeanz
Grassroots Cafe,
Swedish Kaffe,
Cha & Chill- Shekhertek,
Gtcl tong,
Monir Coffee shope,
Hienz Kitchen,
Titur tong,
Cafe Rajdhani,
‡¶ó‡¶æ‡¶ú‡ßÄ ‡¶ï‡¶´‡¶ø ‡¶π‡¶æ‡¶â‡¶ú,
The Local Bite Cafe,
SRITI KUNJO,
dA WheelZ Cafe,
Cafe shaad,
Deshi craft,
ARS COFFEE HOUSE & JUICE BAR ‚òï‚òïüç∫üç∫,
Eiconik Academy : Best IT Training Institute in Bangladesh,http://www.eiconik.org/
ARTS IT Solution,http://www.facebook.com/artsitsolution
GETCO IT SERVICES LIMITED,
Digital Computer Training Centre (DCTC IT) . Website designing  Domain and Hosting available.,https://dctcit.com/
Icon IT Park,
QBIX IT,
Innovio IT,
Aimbook It ltd,
Apple Soft IT,
SoftCare IT,http://www.softcareit.com/
DOLY IT CORNER (ISP),http://www.dolyitcorner.net/
IT,https://www.star-infotech.net/
Unicon IT Solution,
IT Services BD,http://www.itservicesbd.com/bulk-sms-price/
‡¶è‡¶ú ‡¶á‡¶ü ‡¶π‡¶æ‡¶¨,
Janasheba Hospital & Diagnostic Center,http://www.janasheba.com/
Bangladesh Shishu Hospital & Institute,
National Institute of Kidney Diseases & Urology (NIKDU),http://www.nikdu.org.bd/
MONONIRAMOY Psychiatric Hospital,
Sher E Bangla Nagar PWD Medical Sub-Division,http://www.pwd.gov.bd/
Amader Hospital Ltd.,
National Center for Control of Rheumatic Fever & Heart Disease,
Safe House Mental Hospital,
Health Center Dhaka,https://aman.org.bd/
Dhaka Trauma Center And Specialised Orthopedic Hospital,https://www.traumacenter.com.bd/
Dhaka Genarel and Orthopadic Hospital,
New Welcare Hospital,
Shyamoli,
Human Aid Research Lab And Hospital,
hospital,
Bangladesh Trauma Specialized Hospital,
Shahjalal (R) Mental Hospital (Mental Health and Drug Addiction Treatment Institution),
NICVD New building,http://www.nicvd.gov.bd/
Alliance Hospital Limited Unit 2,http://alliancehospitalbd.com/
Royal Multispeciality Hospital | Diagnostic Centre | Unit-2,http://rmshospitals.com/
‡¶ï‡¶æ‡¶ö‡¶æ ‡¶™‡¶æ‡¶§‡¶ø ‡¶ö‡¶æ,
A Cube Doi Fuska Ghor,
Paglar tong,
Back Street Cafe,
Chacir Birir Dokan (‡¶ö‡¶æ‡¶ö‡¶ø‡¶∞ ‡¶™‡¶æ‡¶® ‡¶∏‡¶ø‡¶ó‡¶æ‡¶∞‡ßá‡¶ü ‡¶è‡¶∞ ‡¶¶‡ßã‡¶ï‡¶æ‡¶®),
Milon Tandoori Tea,
xyz c cafe,
Allahor Dan Hotel and Restaurant,
Rawasi,
Khan tee &coffee house,
Boddijibi rood,
Cafe Adda,
Arafat tea store,
Noor cafe,
Tushar er baper dokan,
‡¶π‡ßá‡¶≤‡¶æ‡¶≤ ‡¶Æ‡¶æ‡¶Æ‡¶æ‡¶∞ ‡¶ü‡¶Ç ‡ß´‡ßß,
Khalar Chayer Dokan,
‡¶Ü‡¶∞‡¶ø‡¶´‡¶æ ‡¶ü‡¶ø ‡¶∏‡ßç‡¶ü‡¶≤,
Dhaka Mohammad pur,
YES IT Limited,https://www.yesitltdbd.com/
Teconiq IT Limited | Best Web Design Company in Dhaka,
PC Link IT Palli Ltd,
Fountain Software & IT Services,https://fountainit.com.bd/
Taslim It solution Ltd,
Nivrit It,
Bongo IT Limited,https://bongoitltd.com/
Best Care IT,
Asian IT,
EYSOFT IT SOLUTION,http://www.eysoftbd.com/
Sentech IT,
Wings IT,https://wingsit.xyz/
New Trizons IT,
Falcon IT,
MIEN IT Corporate Office,http://mien-it.com/
Crystal IT,http://www.crystalitbd.com/
NATIONAL IT SOLUTION,https://www.facebook.com/profile.php?id=100007437729839&mibextid=ZbWKwL
DRMC Medicine Center,
Mahila Hospital,
Bdf Hospital,
HOSPITAL SOURCING,
Shomsher Heart Care ~ Shyamoli,https://shomsherheartcare.com/
AMI Hospital,http://amibd.org/
National Institute of Opthalmology & Hospital (NIOH),
National Institute of Neuro Sciences & Hospital 2 _NINS_2,
Orthocare Center & General hospital,
UK PHYSIOTHERAPY & REHABILITATION CENTRE,
Nurjahan orthopedics and General Hospital,
Shefa General Hospital & Diagnostic Centre,
Shefa General Hospital & Diagnostic Centre,
kallyan Manshik hospital,
Infertility Care & Research Centre Ltd (ICRC),
Ar Rafiu General Hospital,
Ideal Eye Care Hospital,
Sigma Medical Services,
Advanced Center Of Kidney & Urology,http://ackubd.com/
Bongo IT Institute,
IT Favour,
Cycas IT Limited,
Evertech IT LTD,https://evertechit.com/
Sntechhome it solution,
AMINA IT COM,
VPL IT,
Next Career IT,
DRMC IT Club,
Eutropia It Solution,https://www.eutropia-it.com/
Dimension IT & Software,
Invision IT,https://invisionitbd.com/
DoubleBit IT Solutions,http://doublebitbd.com/
Shake It,
ACME IT Limited | Corporate Office,
BANGLADESH IT-ENGINEERS EXAMINATION CENTER (),http://bditec.gov.bd/
Urgent IT Solutions,https://urgentitsolutions.com/
BORNOMALA IT LTD,http://bornomalait.com/
Alveena IT Solutions,
Susmita IT-SEO Agency,
Cha Ruti-‡¶ö‡¶æ ‡¶∞‡ßÅ‡¶ü‡¶ø,
Mr meraj,
Alam Tea Stall,
Cafe Express,
Tea Cafe,
Abc,
Sathi Tea Store,
Saiful Tea Stall,
Sub's hospital,
Medison Medical Services Limited,https://www.medisonbd.com/
Hypospadias Care Center,http://www.hypospadiascare.com/
Child Health Care,
Famous General Hospital,
Mary Orthopedic General Hospital and Diagnosis Center,
Shyamoli Baby Care & General Hospital,http://www.shyamolibabycarebd.com/
Health Weather,http://healthweatherbd.blogspot.com/
BRAC,
SAU Medical Center,http://www.sau.edu.bd/
Monira General Hospital,
BDM Hospital 5/17,
BSHL,
Sheba General Hospital & Diagnostic Center,
Al Markazul Islami Hospital,
amiodoctor,
Doctor's Care Hospital,
Al Biruni Hospital And Diagnostic Service,
Ashiq spelalista Hospital,
C√† LIONS GENERAL HOSPITAL & DIAGNOSTO CENTRE,
Fahim it company,https://itfreelancingcareer.blogspot.com/
Skill Build-IT,
EXPERT iT SYSTEM,
IT RAJJO,
Revelation It,
Zorg IT,https://www.zorgitgroup.com/
Golden ratio it ltd,http://www.goldenratioitltd.com/
Luthfi IT| Trusted Digital Marketing Agency,https://www.luthfiit.com/
SNS IT LIMITED,
Ayan Anas it Freelancing,https://evaafroznishi.blogspot.com/
Tanz IT,
Bub It Lab,
Zara IT Solution,http://www.zaraitsolution.com/
razib it institute,https://banglalike111.blogspot.com/
WINCRED IT,
Cnext IT,http://cnextit.com/
Afore IT Soution,
Adabor diabetes center,
Bangladesh Institute of Ophthalmology and Hospital ‡¶¨‡¶æ‡¶Ç‡¶≤‡¶æ‡¶¶‡ßá‡¶∂ ‡¶ö‡¶ï‡ßç‡¶∑‡ßÅ ‡¶¨‡¶ø‡¶ú‡ßç‡¶û‡¶æ‡¶® ‡¶á‡¶®‡¶∏‡ßç‡¶ü‡¶ø‡¶ü‡¶ø‡¶â‡¶ü ‡¶ì ‡¶π‡¶æ‡¶∏‡¶™‡¶æ‡¶§‡¶æ‡¶≤,
Apon Thikana,
NEW YORK AESTHETICS (USA Reg.),
Elite Medical Center,
Islam Diabetic and Doctors Corner,
Dr. Ataul Mujeeb Rashed,
Diyomed Heart Center,http://www.diyomedheart.com/
Micare Health Limited,https://micare.com.bd/
Vascular Surgery Department (Vascular Surgeons NICVD),https://www.nicvd.gov.bd/
Firoza Eye Hospital,
Directotate Of Nursing Services And Institute,
Al-Tasnim Medical Center,
Dr. Deen Islam Orthopedic Center,
Shanti niketon hospital,
‡¶∏‡ßá‡¶á‡¶´ ‡¶π‡¶æ‡¶â‡¶ú ‡¶Æ‡¶æ‡¶®‡¶∏‡¶ø‡¶ï ‡¶è‡¶®‡ßç‡¶° ‡¶Æ‡¶æ‡¶¶‡¶ï‡¶æ‡¶∏‡¶ï‡ßç‡¶§ ‡¶®‡¶ø‡¶∞‡¶æ‡¶Æ‡ßü ‡¶ï‡ßá‡¶®‡ßç‡¶¶‡ßç‡¶∞,
Vetenary Teaching Hospit,
Best Aid,
Histo Bio Zone,
Brac Limb and Brace Fitting Center,
Quantumedge Software INC.-IT Solution & Technology,https://quantumedgesoftware.com/
It Computer,
It Career Bd,
A1 it institute,
D Digital IT,
Yolo IT,
Diabetic foot care products  Bangladesh,
Shebika General Hospital & Diagnostic Center,
Ideal Eye Care Centre Ltd,
Better Life Prosthetic & Orthotic Care Ltd.,
Bangladesh eye care,
‡¶°‡¶æ‡¶É ‡¶∂‡ßá‡¶ñ ‡¶Æ‡ßã ‡¶Ü‡¶¨‡ßç‡¶¶‡ßÅ‡¶≤‡ßç‡¶≤‡¶æ‡¶π ‡¶Ü‡¶≤ ‡¶∞‡¶æ‡¶´‡¶ø,
Maruf Homeo Hall,
Spine Physiotherapy & Rehabilitation Centre (SPTRC),http://www.sptrcbd.com/
Siam Medicine Corner,
Al - Falah Model Clinic,
‡¶¶‡¶ø ‡¶ï‡¶ø‡¶ì‡¶∞ ‡¶´‡¶ø‡¶ú‡¶ø‡¶ì‡¶•‡ßá‡¶∞‡¶æ‡¶™‡¶ø ‡¶è‡¶®‡ßç‡¶° ‡¶™‡ßç‡¶Ø‡¶æ‡¶∞‡¶æ‡¶≤‡¶æ‡¶á‡¶∏‡¶ø‡¶∏ ‡¶∏‡ßá‡¶®‡ßç‡¶ü‡¶æ‡¶∞,
thalasemia society,
DocTime Limited,https://doctime.com.bd/
Dr. Ashraf - Surgical oncologist,
Bangladesh Institute of aged,
Emerge Ever gar care Ltd,
‡¶è‡¶°‡¶≠‡¶æ‡¶®‡ßç‡¶∏‡¶° ‡¶°‡¶ø‡¶ú‡¶ø‡¶ü‡¶æ‡¶≤ ‡¶°‡¶æ‡ßü‡¶æ‡¶ó‡¶®‡¶∏‡ßç‡¶ü‡¶ø‡¶ï ‡¶∏‡ßá‡¶®‡ßç‡¶ü‡¶æ‡¶∞,
BDN Pallabi Diabetes Center,
Shamolima,
Hearing Care Centre,https://hearingcarecenter.com.bd/
FAIR LAB LIMITED,
Sun Smiling Clinic,
Hijama Chamber Mohammadpur ‡¶π‡¶ø‡¶ú‡¶æ‡¶Æ‡¶æ ‡¶¢‡¶æ‡¶ï‡¶æ,
UPHCSDP(PA2) NOGOR MATRI SODHON CRHCC,
NURJAHAN EYE CARE,
SENIOR CONSULTANT DR MD SAHIDUR RAHMAN KHAN,
Al Kemy Medical Center,
Plasma Medical Services And Medical Center,
Dr.Md.Sahidur Rahman Khan (Senior Consultant  Department of Orthopaedic & Trauma Surgery),
Asrafi pharmacy,
Afiat Medical Center,
Bismillah pharmacy,
Al fala medical,
NALTA HOSPITAL & COMMUNITY HEALTH FOUNDATION,http://naltahospital.org.bd/
Bangladesh Spine Society (BSS) | Dhaka  Bangladesh,https://bangladeshspinesociety.org/
Colorectal & Pelvic Floor Center  DCIMCH,
IFIC Bank Mohammadpur Branch,
Dutch Bangla Bank Limited‡•§ Sub Brunch,
Southeast Bank Limited,
Uttara Bank PLC | Shyamoli Branch,
Bank Asia Limited,http://www.bankasia-bd.com/
National Credit & Commerce Bank Limited,https://www.nccbank.com.bd/
AB Bank Limited,http://abbl.com/
Mercantile Bank Limited,
Dutch-Bangla Bank Limited (DBBL) - Shyamoli Branch,
The City Bank PLC,https://www.thecitybank.com/
City Bank ATM - Shyamoli Branch,https://www.thecitybank.com/home
Bangladesh Krishi Bank,http://www.krishibank.org.bd/
Bank Asia Limited,http://www.bankasia-bd.com/
Eastern Bank PLC.,http://www.ebl.com.bd/
Shahajalal Islami Bank,
Islami Bank Bangladesh Limited,
Brac Bank Limited | Shyamoli Branch,
Exim Bank Limited,http://www.eximbankbd.com/
Prime Bank Limited,
Premier Bank Limited,
The World Bank,http://www.worldbank.org/en/country/bangladesh
Southeast Bank Limited,https://www.southeastbank.com.bd/
Dutch-Bangla Bank Limited (DBBL)-Fast Track,
Dutch-Bangla Bank | Fast Track,
Eastern Bank Limited (EBL),
1 to 100 Plus Market,
Tecno Flagship Store (Official),
Click Shop,https://www.facebook.com/clicksshops
Shapla super shop 2,
Mini Bazar Multi Shop,
‡¶Ü‡¶≤ ‡¶π‡ßá‡¶∞‡¶æ ‡¶∏‡¶™ Al-Hera shop,
Bagerhat Shop,
Shopping Zone BD,http://shoppingzonebd.com.bd/
Arina Baby shop,
Rodeo Accessories Shop,https://rodeobd.com/
Liza grocery store,
Asian Sky Shop BD Ltd,
Black & White Online Shop,https://www.facebook.com/BlackandWhiteOnlineShopBD/
Ayesha The Super Shop,
a2z Bike Shop,https://www.a2zbike.com/
Novera Gift Shop,
Mydeshbazar,
Nogodbazar,
Shop No: 263  Level #02  Shaymoli Square Shopping Mall  Dhaka  Bangladesh,
Gulu's shop,
Dutch-bangla Bank Limited Agent Banking,https://www.dutchbanglabank.com/
Al-Arafah Islami Bank Limited  Shyamoli Branch ATM,
Dutch-Bangla Bank Limited‡•§ Fast Track,https://www.dutchbanglabank.com/electronic-banking/fast-track.html
Islami Bank Bangladesh Limited | Shyamoli Branch,
NRBC Bank Shyamoli Branch ‡¶è‡¶®‡¶Ü‡¶∞‡¶¨‡¶ø‡¶∏‡¶ø ‡¶¨‡ßç‡¶Ø‡¶æ‡¶Ç‡¶ï ‡¶∂‡ßç‡¶Ø‡¶æ‡¶Æ‡¶≤‡ßÄ ‡¶∂‡¶æ‡¶ñ‡¶æ,
Global Islami Bank‡•§ Shyamoli Brunch,
Pubali Bank Ring Road Branch,http://www.pubalibangla.com/
Standard Bank Limited,http://www.standardbankbd.com/
Dutch-Bangla Bank Limited | Fast Track,
SIBL Adabor Sub Branch,
ATM-Islami Bank Bangladesh Limited,
Bangladesh Krishi Bank | Shyamoli Branch,http://www.krishibank.org.bd/
EBL 365,
Eastern Bank Limited (EBL),http://www.ebl.com.bd/
BASIC Bank Limited,http://www.basicbanklimited.com/
Prime Bank Limited | ATM,
Rupali bank PLC | Adabor Branch,
Aquadeck at InterContinental Dhaka,http://www.intercontinental.com/dhaka
Bengal Dine Restaurant,
Southern Claw,https://www.facebook.com/p/Southern-Claw-100086465254865/
The Roadside Eatery,
SK Food Box,
Xian Restaurant,https://www.x-grouprestaurant.com/
Tong Ghor Dhaka University,
Ramna Restaurant & Kabab,
Sea Wagon Bailey Road,
The Amber Room at InterContinental Dhaka,http://www.intercontinental.com/dhaka
Food Court  Faculty of Business Studies,http://www.univdhaka.edu/
Amzad Restaurant,
Bagicha Thai and Chinese Restaurant,
Sotej hotel and restaurant,
Jolpai Restaurant & Party Center,
Shadhin Restaurant,
Roshui Food and caterer,
Chittagong Restaurant,
Waterfall Restaurant & Convention Hall,
The Glorious Restaurant & Party Center - Kataban,
Labaid Hospital,http://www.labaidgroup.com/
SUO Health care,http://suoxi-diagnosticlab.com/
Bumrungrad Hospital Dhaka Office,https://discoverims.com/
Ibrahim General Hospital,
Chankharpul General Hospital,
Arafat General Hospital & Diagnostic Center,
Vorta Vaji Restaurant,https://www.facebook.com/VortaVajiRestaurant/
Green House Restaurant,https://www.facebook.com/GreenHouseElephantRoad/
Yukee's,
KINNORI RESTAURANT,
Xinxian Restaurant,
Sung Garden,
Thirty3 Restaurant,https://www.facebook.com/Thirtyy3
‡¶Æ‡ßá‡¶ü‡ßç‡¶∞‡ßã ‡¶´‡ßÅ‡¶°‡¶∏‡ßç,
Enjoy Restaurant,
Chandpur Super Shop,
Eva super shop,
SB Gift Shop-‡¶è‡¶∏ ‡¶¨‡¶ø ‡¶ó‡¶ø‡¶´‡¶ü ‡¶∂‡¶™,http://www.sbgiftbd.com/
Wonder Shop,https://www.wondershopbd.com/
Ibrahim Super Shop,
Smart Baby Shop Dhaka Bangladesh,http://smartbabyshop.com.bd/
A To Z Brand Shop,
Daily Shop Now,https://bestghee.shop/
Anwar Store,
Baby Shop,http://www.babyshoplive.com/
Jersey Shop BD,
Stunner mart,https://stunnermart.com/
Shop Shahidas,
Anaya's collection,
Mini Shop,
Sazobd Clothing Shop   ‡¶∏‡¶æ‡¶ú‡ßã ‡¶¨‡¶ø‡¶°‡¶ø,
NCC Bank ATM,
National Bank Limited,http://www.nblbd.com/
Dutch-Bangla Bank | Fast Track,
AB Bank Limited | ATM Booth,http://abbl.com/
City Agent Banking || ‡¶∏‡¶ø‡¶ü‡¶ø ‡¶è‡¶ú‡ßá‡¶®‡ßç‡¶ü ‡¶¨‡ßç‡¶Ø‡¶æ‡¶Ç‡¶ï,
Prime Bank Limited | ATM Booth,
City Bank ATM - Kallyanpur,https://www.thecitybank.com/home
First Security Islami Bank Limited | Ring Road Branch,http://www.fsiblbd.com/
Asian Development Bank (ADB),http://www.adb.org/countries/bangladesh/main
mutual trust bank limited,
Rupali Bank PLC,
United Commercial Bank (UCB) PLC,http://ucb.com.bd/
AB Bank Limited | ATM Booth,http://abbl.com/
Sonali Bank PLC  College Gate,
Dutch-Bangla Bank | ATM,
Bank Asia Limited | ATM Booth,http://www.bankasia-bd.com/
Social Islami Bank Limited | Shyamoli Branch,http://www.siblbd.com/
AB Bank Limited | ATM Booth,http://abbl.com/
Sonali Bank PLC,
Holy Family Red Crescent Medical College Hospital,http://www.hfrcmc.edu.bd/
PG Hospital Dhaka,
BMU  C block,https://bmu.ac.bd/
Unico Hospitals PLC,https://unicohospitals.com/
Grace Hospital Ltd,https://www.gracehospitalltd.com/
Islami Bank Central Hospital  Kakrail,
Monowara Hospital (Pvt.) Ltd.,https://monowarahospital.com/
BMU  D Block,https://bmu.ac.bd/
Dhanmondi Hospital (PVT) Ltd,
New Life Hospital Limited,
Liberty Hospital Ltd.,
Padma General Hospital,
LABAID Specialized Hospital,http://www.labaidgroup.com/specialized
Reliance General & Renal Hospital,
Laham Mandi,https://www.lahammandibd.com/
Mouri Restaurant,
Golden Chimney Restaurant,
Roz Hotel and Restaurant ‡¶∞‡ßã‡¶ú ‡¶π‡ßã‡¶ü‡ßá‡¶≤,
FISH & CHIPS,
New Ashta Banjon Restaurant,
Olive Restaurant,
Nightingale Restaurant,
Euro Asiano Restaurant,
‡¶á‡¶â‡¶∞‡ßã ‡¶ó‡¶æ‡¶∞‡ßç‡¶°‡ßá‡¶®,
Alam Restaurant And Mini Chinese,
Chingri Chinese Restaurant,
Rupsha Restaurant,
Shopno Bunon Online Shop,https://www.facebook.com/shopnobunonbd/
Ramjan anterprice shop,
Asmi Shop Mohammadpur,http://asmishop.com/
Prince Clothing Shop,
Drewdrop online shop,
MAHAVIN SHOP,https://shop.mahavinbd.com/
‡¶¨‡¶æ‡¶¨‡ßÅ‡¶á- A shop of happiness,
SHOP EASE,https://shopease.sellbd.shop/
Online Super Shop Bd,
Arif Liter shop,
Sheba online shop,
Wear Shop,
Happy Shop,
Aamar Shop,
Renew gift shop,
PG hospital Shahbag Dhaka University,
Aurora Specialized Hospital Ltd,https://www.aurora.hospital/
LABAID Cardiac Hospital,http://www.labaidgroup.com/cardiac
Times multicare hospital ltd,http://www.timesmhl.com/
Module General Hospital,
Green Life Hospital Ltd.,https://greenlifehospital.com.bd/
Dr. Muttalib Community Hospital And Park Laboratory,https://www.facebook.com/park.laboratory?mibextid=LQQJ4d
Panorama Hospital,
Green Life Medical College Hospital,http://greenlife.edu.bd/
Neuro Care and Research Foundation,https://www.sprcnh.com/
Ibrahim Cardiac Hospital & Research Institute,https://ibrahimcardiac.org.bd/
Homecare Hospital,
Bumrungrad International Hospital Bangkok Thailand,https://discoverims.com/
Bangabandhu Sheikh Mujib Medical University (PG HOSPITAL)  Cancer Bahban Block-F,
Times Multcare Hospital,
Holy Family Hospital Outdoor,
Saaol Heart Center (BD) Ltd.,http://saaol.com.bd/
Dr. Meherun Nessa Clinic,
‡¶¨‡ßá‡¶§‡¶æ‡¶∞,
London Espresso,https://www.foodpanda.com.bd/restaurant/ylx1/london-espresso
BruTown Cafe,https://www.facebook.com/BruTownCafe/?ref=bookmarks
Caf√© Social at InterContinental Dhaka,http://www.intercontinental.com/dhaka
Vintage Bake & Cafe,https://www.facebook.com/vintagebakeandcafe/
Bismillah Cafe,
Kabita Caf√©,https://www.facebook.com/kabitacafe/
‡¶ó‡¶£‡¶ó‡ßç‡¶∞‡¶®‡ßç‡¶•‡¶æ‡¶ó‡¶æ‡¶∞ ‡¶Ö‡¶ß‡¶ø‡¶¶‡¶™‡ßç‡¶§‡¶∞ ‡¶ï‡ßç‡¶Ø‡¶æ‡¶´‡ßá‡¶ü‡¶æ‡¶∞‡¶ø‡¶Ø‡¶º‡¶æ,http://www.publiclibrary.gov.bd/
FED UP CAFE,http://fedupcoffee.com/
Tea20 Coffee Bar,
Drue Cafe,
TSC  BMU,https://youtube.com/@dr.mohammadsajibulislam4435?si=usEn6Fagwhniss4j
Second Cup Coffee,
Cafe de Dot,
Mayer Choya - Ad-Din Hospital Cafeteria MogBazar,
Cafe Shamabesh,
Awake Coffee Roasters at British Council,
Pacific Cafe,
The Cafe Hatirpool,
AB Cafe,
Refresh Cafe BD,
Sukrana Restaurant,
Sumaiya Restaurant,
Green Bangla Restaurant,
Vooter Adda Restaurant (Baily Road),https://www.facebook.com/profile.php?id=100083231415923
‡¶ó‡ßç‡¶∞‡¶ø‡¶≤ ‡¶ï‡¶ø‡¶Ç,
Gawshia Restaurant & Mini Chinese,
Diamond Restaurant,
Kachari Bari Restaurant- ‡¶ï‡¶æ‡¶ö‡¶æ‡¶∞‡ßÄ ‡¶¨‡¶æ‡¶°‡¶º‡¶ø ‡¶∞‡ßá‡¶∏‡ßç‡¶ü‡ßÅ‡¶∞‡ßá‡¶®‡ßç‡¶ü,
‡¶Ö‡¶∞‡¶£‡ßÄ ‡¶∞‡¶æ‡¶®‡ßç‡¶®‡¶æ‡¶ò‡¶∞,https://aranirannaghor.com/
Chef Urbana Restaurant,
Rose Heaven Restaurant,
Raita Biryani & Kabab Restaurant,
Sugondha Restaurant,
Billal Hotel & Restaurant,
Niribily hotel and restaurant,
Storm In A Cup!,
Feast House Express,
Ghorowa Hotel & Restaurant,
Munni Hotel and Restaurant,
Islami Bank Bangladesh Limited | ATM,
Janata Bank PLC,
ABL Marketin Bank Limited,
Sonali Bank PLC,
Southeast Bank Limited | ATM Booth,https://www.southeastbank.com.bd/
Agrani Bank Limited,https://www.agranibank.org/
Southeast Bank Limited | ATM Booth,
NCC Bank- ATM,
City Bank ATM - Japan Garden City,http://www.thecitybank.com/
Dutch-Bangla Bank Limited (DBBL),
NCC Bank | ATM,http://www.nccbank.com.bd/
Sonali Bank PLC,
Southeast Bank ATM,
Agrani Bank Atm Booth,
IFIC Bank.Rd 11 Adabor.,
Social Islami Bank Limited | Mohammadpur Branch,
United Commercial Bank Limited | ATM Booth,http://www.ucb.com.bd/
‡¶Ö‡¶ó‡ßç‡¶∞‡¶£‡ßÄ ‡¶¨‡ßç‡¶Ø‡¶æ‡¶Ç‡¶ï ‡¶™‡¶ø‡¶è‡¶≤‡¶∏‡¶ø  ‡¶∂‡ßá‡¶∞‡ßá‡¶¨‡¶æ‡¶Ç‡¶≤‡¶æ ‡¶ï‡ßÉ‡¶∑‡¶ø ‡¶¨‡¶ø‡¶∂‡ßç‡¶¨‡¶¨‡¶ø‡¶¶‡ßç‡¶Ø‡¶æ‡¶≤‡ßü ‡¶∂‡¶æ‡¶ñ‡¶æ ‡¶¢‡¶æ‡¶ï‡¶æ,
Islami Bank Bangladesh Limited | ATM Booth,
Global Islami Bank‡•§ ATM Booth,
BSMMU Outdoor 1 (Medicine),http://www.bsmmu.edu.bd/
Taqwa Specialised Hospital,
Minerva Hospital Ltd.,
Super Specialized Hospital BMU,https://ssh.bmu.ac.bd/
Insight Psycho-social Care and Research,http://www.insight.com.bd/
Institute of Laser Surgery & Hospital Ltd.,
BSMMU water pump,
Medigo Healthcare,https://medigohealthcares.com/
BIRDEM library,
Padma Cameral Hospital & Diagonistic,
Bangkok Hospital Dhaka Office,https://www.thaimedics.com/
Vision Eye Hospital,http://visioneyebd.org/
DRiiMS Diagnostic  Infertility & Interventional Radiology Hospital,
P G Hospital Outdoor 2,https://bmu.ac.bd/
GATE NO-3  BANGLADESH MEDICAL UNIVERSITY,
Labwall Diagnostic Center,
COMFORT MEDICAL CHECKUP CENTER,
Bangla motor spkrc hospital,
Haji Shakhawat Anwara Eye Hospital,
Dermatologist,
R-Club,
Bijoy Ekattor Canteen,http://www.univdhaka.edu/
Burger On,
Mouli Restaurant,
Sonar Tori Hotel & Restaurant,
Bondhu Restora & Party Center,
Bismillah Restaurant,
Bismillah Hotel And Restaurant,
BAILY BAR B Q,
Muslim Kabab and Restaurant,
Noakhali Hotel And Restaurant,
‡¶∞‡ßÅ‡¶ö‡¶ø ‡¶∞‡ßá‡¶∏‡ßç‡¶§‡ßã‡¶∞‡¶æ ‡¶è‡¶®‡ßç‡¶° ‡¶ï‡¶æ‡¶¨‡¶æ‡¶¨,
Swadhika Restaurant,http://www.hotel71.com.bd/
Chaya Shawarma And Restaurant,
Dhaka Biriyani House & Restaurant,
Khwaja Hotel & Restaurant,
Haque Restaurant,
Aiyan Hotel & Restaurant,
Haque Restaurant & Biryani House,
Hotel Kaderia And Chistia Restaurant,
Joy Aquarium Centre (Pet Shop),
Fish Fash Organic Shop,
Mrinmoy Organic & Natural Shop,
Women dress shop,
Ogerio.com - online cosmetics shop in bangladesh,https://www.ogerio.com/
DifferentLook (jewelry and fashion shop),
Krishnopokho Online Shop (‡¶ï‡ßÉ‡¶∑‡ßç‡¶£‡¶™‡¶ï‡ßç‡¶∑),https://www.facebook.com/krishnopokho
Blusher The Brand Shop,
MEW MEW SHOP BD (ADABOR),https://mewmewshopbd.com/
Alyssa Shop,
Pioneer Traders & Mobile Shop,
Imagine Online Shop,
SIS Shop,
Grameen Check,https://www.grameencheck.com/
Anupam Shop,
Emaarah Shop,
Bake Aromen,
Coffeelicious Coff√©e BailyRoad,http://facebook.com/Coffeelicious.Cafe/
Secret Recipe - Bailey Road Standard,https://secretrecipebd.com/
Mr. Cook Restaurant & Catering,
Crimson Cup Bailey Road,
Coffee & Cookie,
Duaree(‡¶¶‡ßÅ‡ßü‡¶æ‡¶∞‡ßÄ),
‡¶Æ‡¶ü‡¶ï‡¶æ ‡¶ö‡¶æ,
‡¶¨‡¶ø‡¶∏‡¶Æ‡¶ø‡¶≤‡ßç‡¶≤‡¶æ‡¶π ‡¶´‡¶æ‡¶∏‡ßç‡¶ü‡¶´‡ßÅ‡¶° ‡¶è‡¶®‡ßç‡¶° ‡¶ú‡ßÅ‡¶∏‡¶¨‡¶æ‡¶∞,
S.P.R.C Hospital,
Central Hospital Roof Top,
Bmu cabin block,
India gyet,
Sandhani Eye Hospital,
DPMC | Pain Management Centre- Prof AKM Akhtaruzzaman,http://dpmcbd.com/
Ashic Shelter,
Evergreen Health,http://evergreenhealthbd.net/
Green Life Hospital Nursing Institute,http://www.greenlife.edu.bd/page/info/b.sc.nursing
BMU Dental Faculty ~ Shahbagh,
Dhaka ramna,
Cancer hospital,
CARE WAVE,
HYGIENIC HEALTH CARE,
Snehaloy | ‡¶∏‡ßç‡¶®‡ßá‡¶π‡¶æ‡¶≤‡ßü,
Prof Dr Md Ehteshamul Hoque,https://drehtesham.com/
Pediatric Urology and DSD Center by Dr Nazrul Islam Akash,https://www.childhealthorganization.com/
Spectra AI Healthcare,http://spectraaihealthcarebd.unaux.com/
Genomics Healthcare,https://www.genomicshealthcarebd.com/
Al-Arafah Islami Bank | ATM,
Binky yt,
Islami Bank Bangladesh Limited | ATM Booth,
Maitry Savings and Credit Co Operative Society,
EBL ATM BOOTH,
BRAC Bank ATM Booth,
Islami Bank Bangladesh Limited | ATM Booth,
Agrani Bank PLC,
The Premier Bank PLC,
BASIC Bank Limited | ATM Booth,http://www.basicbanklimited.com/
Brac Bank-ATM,
AB Bank Limited | ATM Booth,http://www.abbl.com/
UCB ATM,
Brac bank ATM booth,
AB Bank Limited | ATM Booth,http://abbl.com/
United Commercial Bank Limited | ATM Booth,http://www.ucb.com.bd/
Trust Bank Limited ATM Booth,
Janata Bank ATM,https://www.jb.com.bd/
Jamuna Bank | ATM (Night & Day),
BRAC Bank Limited | ATM Booth,http://bracbank.com/
SYLHET HOTEL & RESTAURANT,
Shudha Restaurant,
Bismillah Hotel & Restaurant ~ Bangla Motor,
Fakruddin Restaurant Catering and Party Centre,
Broccoli Restaurant,
NEW AL-MADINA BIRIYANI & KABAB RESTAURANT,
Yummy Restaurant,
Sylvana Restaurant,
Cafe-Noor-A  Madina Khabar Hotel & Restaurant,
Ambrosia Restaurant & Music Cafe,
Coffee Corner Restaurant,
Maa-Babar Dua Hotel And Restaurant,
Hotel And Restaurant,
Chhayaneer Confectionery and Fast Food,
Happy Hour Restaurant,
Noor Alif Restaurant,
New Bhai Bhai Hotel And Restaurant,
New Popular Hotel & Restaurant,
Lovely Hotel and Restaurant,
Sadbari restaurant,
Sohel Tea Store,
Penoa Cafe,https://www.facebook.com/penoacafe
The Nahid cafe,
Coffee Buzz (‡¶ï‡¶´‡¶ø ‡¶¨‡¶æ‡¶ú),
Alibaba Home Appliance's & Coffee Corner,
Best tea of BD(Selim mama‚Äôs tea),
‡¶¶‡¶æ‡¶ì‡¶Ø‡¶º‡¶æ‡¶§‡ßá‡¶∞ ‡¶Ü‡¶°‡ßç‡¶°‡¶æ ‡¶ï‡ßç‡¶Ø‡¶æ‡¶´‡ßá,
Cafe 18,
Waffle & Juice Bar,
Railwey dhaka,
Al-Amin Tea Store,
XYZ LAVA COFFE,https://dev-the-food-nest.pantheonsite.io/
‡¶™‡¶ø‡¶ì‡¶∞ ‡¶ú‡ßÅ‡¶∏ ‡¶ï‡¶∞‡ßç‡¶®‡¶æ‡¶∞,
Testy Food,
The Note Cafe,https://thenotecafe.com.bd/
Cafe Joyeeta,
Music shop guitar harmonium tikapara,
Romoni Shop,https://romoni.shop/
Gold shop prova jewllers,
REAJ SHOP,http://reajshop.com/
Bachelor Shop-02,
Watch Shop BD,
Asma & Lamia Toy Shop & Ladies Bag,
shonkhonil collection shop,
Promise Pharmacy and Easy Shop,
RK Online Shop,
Chandni Fast Food & Coffee Shop,
Toy Shop Bangladesh,https://www.toyshop.com.bd/
Doctor Shop BD,https://doctorshopbd.com/
JE shop,https://jeshop.com.bd/
Cat Club Pet Shop,
Sure to shop-fashion,
Bachelor Shop,
Diabetes Sochetonota Supar Shop,
Daamkom24- Baby Shop & Cosmetics.,
Gawsia Restaurant and Mini Chinese,
Al-Muslim Restaurant & Biryani House,
Masum Hotel And Restaurant,
Bhojanshala restaurant and Biriyani House,
Taste Town Restaurant,
Cafe Barisal Hotel & Restaurant,
Autograph Restaurant,
Sumon Hotel and Restaurant,
GANGESH HOTEL FOOD & RESTAURANT,
MasterChef 4 Restaurant 15.Cordova Scarlet 2th Floor  upto pubali Bank (Opposite of Karnaphuli Garden City Shopping Mall),
New Genjes Food And Restaurant,
AB Bank Limited | ATM Booth,
Jamuna Bank Limited | ATM Booth,http://jamunabankbd.com/
Trust Bank Limited ATM,https://www.tblbd.com/
Jamuna Bank Limited | ATM Booth,http://jamunabankbd.com/
Social Islami Bank Limited ‡•§ ATM Booth,
Lal-Shobuj Small Traders Cooperative Society Ltd:,
United Commercial Bank ATM Booth,
INTERNATIONAL TRADING LTD.,
Dr. Shirajul Islam medical college & Hospital cafeteria,
‡¶®‡ßÇ‡¶∞‡¶æ‡¶®‡ßÄ ‡¶ú‡ßÅ‡¶∏ ‡¶¨‡¶æ‡¶∞,
Sham's Studio,
‡¶¨‡¶∂‡¶ø‡¶∞ ‡¶ü‡¶ø ‡¶∏‡ßç‡¶ü‡¶≤,
Cafe Ahnaf Coffee And Juice House,
With Swapno,
Ladies Common room,
Tayeb Cafe,
Fariya Bosro Bitan,
Pizza garden,
Pizza garden,
yummy Cafe,
Temporary tea stalls,
Gach tola,
Bhai Bhai Tea Stor,
Zakir Tea Stall and Departmental Store,
Liton Tea stall,
Rakib's tea stall,
Boost Cafe,
ACTUAL ONLINE SHOP,
M&J Online Shop,
baby care happy shop,
Fire Paan Shop,
Shop Everything,
Happy you shop,https://www.facebook.com/happyoushop/
Bikers Shop,
Vivo official Company shop,
Angels Beauty Shop BD,
Baby shop,
vivo authorized brand shop- SM TRADING,http://www.vivo.com/bd
Tecno Brand Shop (Tokyo Square),http://officialphonebd.com/
TIME Genuine (A Luxury Watch Shop),
Pet shop  Animal lover's,
‡¶π‡¶æ‡¶ì‡¶≤‡¶æ‡¶¶‡¶æ‡¶∞ ‡¶≤‡ßá‡¶°‡¶ø‡¶∏ ‡¶ï‡ßç‡¶≤‡¶• ‡¶∂‡¶™ | Ladies Cloth Shop,
BUBT Tea & Coffee Shop,
Pure food shop,
Curtain shop,
Master Pet shop,
Race Flame | Mobile phone Shop,https://raceflame.com/
The Broadway Cafe,
My mobile Shop,
Huawei Authorized Experience Shop-FM Telecom(HES),
Nehan-Adiba Tyre & Battery Shop,
Rony's Cakes shop,
Mayer Doya Vulcanizing & Battery Shop,
Baba Ma Battery Tyre Shop,
Rahim Ice-cream Shop,
IT Q Solutions,http://www.it-q-solutions.com/
IT Bangla Ltd,http://www.itbangla.org/
Astha IT,https://www.asthait.com/
Future IT,http://www.edufutureit.com/
FK IT INSTITUTE,
Raise IT Solutions,http://raiseitsolutions.com/
The Mum It,
Egeco Soft IT Institute,
Newtech IT Training Center (NITC) ‚Äì IT Hardware Training & Servicing,https://www.nitcbd.com/
WAN IT Ltd.,http://wanitltd.com/
Steviana IT,http://stevianait.com/
IT Hive,https://ithivebd.com/
Mentors-IT Academy,https://www.mentorsitacademy.com/
‡¶Ü‡¶Æ‡¶æ‡¶∞ ‡¶Ü‡¶á‡¶ü‡¶ø,
RB IT INSTITUTE,
Canvas IT,https://canvasitbd.com/
‡¶ì‡ßü‡¶æ‡¶® ‡¶Ü‡¶á‡¶ü‡¶ø,https://oneit.com.bd/
CITY IT,
Fix-It,
IT Services,https://its.com.bd/
Dear IT Solution,http://www.dearit.com.bd/
IT Point,http://www.itpointdhaka.com/
EASTERN IT (Corporate Office),https://eit.com.bd/
ISB - IT SOLUTION BD,
I.T Access,https://www.itaccess.com.bd/
Fast IT,https://www.facebook.com/share/1ATb4dAzJt/
President IT & Engineering,https://www.presidentit.com.bd/
Aftab IT Limited,http://www.aitlbd.com/
Dhaka IT Zone,http://www.facebook.com/dhakaitzone/
PROMINENT IT,http://www.facebook.com/prominentbd
IT-PLACE BD,https://itplacebd.com/
Thanvi IT Park,http://thanviit.blogspot.com/
Times Shop.XYZ,http://timesshop.xyz/
Big Bazar Super Shop,